{
	"name":"",
	"model":"model.moc",
	"scale":"25.5",
	"position_y":"-40",
	"textures":
	[
		"model.2048/texture_00.png"
	],	
"motions": {
			"motion": [
				{ "name": "akubi_1", "file": "motions/akubi_1.mtn" },
				{ "name": "akubi_1a", "file": "motions/akubi_1a.mtn" },
				{ "name": "amazed_1", "file": "motions/amazed_1.mtn" },
				{ "name": "amazed_1_1", "file": "motions/amazed_1_1.mtn" },
				{ "name": "amazed_1_2", "file": "motions/amazed_1_2.mtn" },
				{ "name": "amazed_1a", "file": "motions/amazed_1a.mtn" },
				{ "name": "amazed_2", "file": "motions/amazed_2.mtn" },
				{ "name": "amazed_2_1", "file": "motions/amazed_2_1.mtn" },
				{ "name": "amazed_2_2", "file": "motions/amazed_2_2.mtn" },
				{ "name": "amazed_2_1a", "file": "motions/amazed_2_1a.mtn" },
				{ "name": "amazed_2a", "file": "motions/amazed_2a.mtn" },
				{ "name": "amazed_3", "file": "motions/amazed_3.mtn" },
				{ "name": "amazed_4", "file": "motions/amazed_4.mtn" },
				{ "name": "angry_1", "file": "motions/angry_1.mtn" },
				{ "name": "angry_2", "file": "motions/angry_2.mtn" },
				{ "name": "angry_3", "file": "motions/angry_3.mtn" },
				{ "name": "angry_3_1", "file": "motions/angry_3_1.mtn" },
				{ "name": "angry_4", "file": "motions/angry_4.mtn" },
				{ "name": "angry_5", "file": "motions/angry_5.mtn" },
				{ "name": "angry_6", "file": "motions/angry_6.mtn" },
				{ "name": "angry_7", "file": "motions/angry_7.mtn" },
				{ "name": "cry_1", "file": "motions/cry_1.mtn" },
				{ "name": "cry_2", "file": "motions/cry_2.mtn" },
				{ "name": "cry_2_1", "file": "motions/cry_2_1.mtn" },
				{ "name": "cry_3", "file": "motions/cry_3.mtn" },
				{ "name": "cry_4", "file": "motions/cry_4.mtn" },
				{ "name": "ehen_1", "file": "motions/ehen_1.mtn" },
				{ "name": "ehen_2", "file": "motions/ehen_2.mtn" },
				{ "name": "embarrassed_1", "file": "motions/embarrassed_1.mtn" },
				{ "name": "embarrassed_1_1", "file": "motions/embarrassed_1_1.mtn" },
				{ "name": "embarrassed_1_1a", "file": "motions/embarrassed_1_1a.mtn" },
				{ "name": "embarrassed_1a", "file": "motions/embarrassed_1a.mtn" },
				{ "name": "embarrassed_2", "file": "motions/embarrassed_2.mtn" },
				{ "name": "embarrassed_2a", "file": "motions/embarrassed_2a.mtn" },
				{ "name": "embarrassed_3", "file": "motions/embarrassed_3.mtn" },
				{ "name": "embarrassed_4", "file": "motions/embarrassed_4.mtn" },
				{ "name": "embarrassed_s1", "file": "motions/embarrassed_s1.mtn" },
				{ "name": "embarrassed_s1_1", "file": "motions/embarrassed_s1_1.mtn" },
				{ "name": "embarrassed_s2", "file": "motions/embarrassed_s2.mtn" },
				{ "name": "embarrassed_s2_1", "file": "motions/embarrassed_s2_1.mtn" },
				{ "name": "embarrassed_s3", "file": "motions/embarrassed_s3.mtn" },
				{ "name": "embarrassed_s4", "file": "motions/embarrassed_s4.mtn" },
				{ "name": "expression_1", "file": "motions/expression_1.mtn" },
				{ "name": "expression_2", "file": "motions/expression_2.mtn" },
				{ "name": "gimon_1", "file": "motions/gimon_1.mtn" },
				{ "name": "guts_1", "file": "motions/guts_1.mtn" },
				{ "name": "guts_2", "file": "motions/guts_2.mtn" },
				{ "name": "hirameki_1", "file": "motions/hirameki_1.mtn" },
				{ "name": "idling_1", "file": "motions/idling_1.mtn" },
				{ "name": "idling_1_2", "file": "motions/idling_1_2.mtn" },
				{ "name": "idling_2", "file": "motions/idling_2.mtn" },
				{ "name": "idling_3", "file": "motions/idling_3.mtn" },
				{ "name": "idling_3_1", "file": "motions/idling_3_1.mtn" },
				{ "name": "idling_4", "file": "motions/idling_4.mtn" },
				{ "name": "idling_l1", "file": "motions/idling_l1.mtn" },
				{ "name": "idling_l2", "file": "motions/idling_l2.mtn" },
				{ "name": "idling_l3", "file": "motions/idling_l3.mtn" },
				{ "name": "idling_l4", "file": "motions/idling_l4.mtn" },
				{ "name": "idling_l5", "file": "motions/idling_l5.mtn" },
				{ "name": "idling_l6", "file": "motions/idling_l6.mtn" },
				{ "name": "idling_l7", "file": "motions/idling_l7.mtn" },
				{ "name": "idling_r1", "file": "motions/idling_r1.mtn" },
				{ "name": "idling_r2", "file": "motions/idling_r2.mtn" },
				{ "name": "idling_r3", "file": "motions/idling_r3.mtn" },
				{ "name": "idling_r4", "file": "motions/idling_r4.mtn" },
				{ "name": "idling_r5", "file": "motions/idling_r5.mtn" },
				{ "name": "idling_r6", "file": "motions/idling_r6.mtn" },
				{ "name": "idling_r7", "file": "motions/idling_r7.mtn" },
				{ "name": "iyaiya_2", "file": "motions/iyaiya_2.mtn" },
				{ "name": "joyful_1", "file": "motions/joyful_1.mtn" },
				{ "name": "joyful_1_1", "file": "motions/joyful_1_1.mtn" },
				{ "name": "joyful_2", "file": "motions/joyful_2.mtn" },
				{ "name": "joyful_2_1", "file": "motions/joyful_2_1.mtn" },
				{ "name": "joyful_2_1a", "file": "motions/joyful_2_1a.mtn" },
				{ "name": "joyful_2_2", "file": "motions/joyful_2_2.mtn" },
				{ "name": "joyful_2_3", "file": "motions/joyful_2_3.mtn" },
				{ "name": "joyful_2_4", "file": "motions/joyful_2_4.mtn" },
				{ "name": "joyful_3", "file": "motions/joyful_3.mtn" },
				{ "name": "joyful_3_1", "file": "motions/joyful_3_1.mtn" },
				{ "name": "joyful_3_2", "file": "motions/joyful_3_2.mtn" },
				{ "name": "joyful_3_2a", "file": "motions/joyful_3_2a.mtn" },
				{ "name": "joyful_4", "file": "motions/joyful_4.mtn" },
				{ "name": "joyful_5", "file": "motions/joyful_5.mtn" },
				{ "name": "joyful_6", "file": "motions/joyful_6.mtn" },
				{ "name": "joyful_6_1", "file": "motions/joyful_6_1.mtn" },
				{ "name": "katate_huru_1", "file": "motions/katate_huru_1.mtn" },
				{ "name": "katate_huru_2", "file": "motions/katate_huru_2.mtn" },
				{ "name": "kitty_embarrassed", "file": "motions/kitty_embarrassed.mtn" },
				{ "name": "kitty_joyful", "file": "motions/kitty_joyful.mtn" },
				{ "name": "kitty_sad", "file": "motions/kitty_sad.mtn" },
				{ "name": "kitty_surprise", "file": "motions/kitty_surprise.mtn" },
				{ "name": "miu_ehen", "file": "motions/miu_ehen.mtn" },
				{ "name": "miu_idling", "file": "motions/miu_idling.mtn" },
				{ "name": "miu_joyful", "file": "motions/miu_joyful.mtn" },
				{ "name": "miu_normal", "file": "motions/miu_normal.mtn" },
				{ "name": "naderu_1", "file": "motions/naderu_1.mtn" },
				{ "name": "naderu_2", "file": "motions/naderu_2.mtn" },
				{ "name": "naderu_3", "file": "motions/naderu_3.mtn" },
				{ "name": "niyari_1", "file": "motions/niyari_1.mtn" },
				{ "name": "niyari_1a", "file": "motions/niyari_1a.mtn" },
				{ "name": "niyari_2", "file": "motions/niyari_2.mtn" },
				{ "name": "niyari_2a", "file": "motions/niyari_2a.mtn" },
				{ "name": "no_1", "file": "motions/no_1.mtn" },
				{ "name": "no_2", "file": "motions/no_2.mtn" },
				{ "name": "no_3", "file": "motions/no_3.mtn" },
				{ "name": "no_4", "file": "motions/no_4.mtn" },
				{ "name": "normal_1", "file": "motions/normal_1.mtn" },
				{ "name": "normal_2", "file": "motions/normal_2.mtn" },
				{ "name": "normal_2_1", "file": "motions/normal_2_1.mtn" },
				{ "name": "normal_2_2", "file": "motions/normal_2_2.mtn" },
				{ "name": "pukapuka_1", "file": "motions/pukapuka_1.mtn" },
				{ "name": "sad_1", "file": "motions/sad_1.mtn" },
				{ "name": "sad_1_1", "file": "motions/sad_1_1.mtn" },
				{ "name": "sad_2", "file": "motions/sad_2.mtn" },
				{ "name": "sad_3", "file": "motions/sad_3.mtn" },
				{ "name": "sad_4", "file": "motions/sad_4.mtn" },
				{ "name": "sad_5", "file": "motions/sad_5.mtn" },
				{ "name": "sad_5a", "file": "motions/sad_5a.mtn" },
				{ "name": "sad_s2", "file": "motions/sad_s2.mtn" },
				{ "name": "sleepy_1", "file": "motions/sleepy_1.mtn" },
				{ "name": "sleepy_2", "file": "motions/sleepy_2.mtn" },
				{ "name": "speech_1", "file": "motions/speech_1.mtn" },
				{ "name": "surprise_1", "file": "motions/surprise_1.mtn" },
				{ "name": "surprise_1_1", "file": "motions/surprise_1_1.mtn" },
				{ "name": "surprise_2", "file": "motions/surprise_2.mtn" },
				{ "name": "surprise_2_1", "file": "motions/surprise_2_1.mtn" },
				{ "name": "surprise_2_1a", "file": "motions/surprise_2_1a.mtn" },
				{ "name": "surprise_3", "file": "motions/surprise_3.mtn" },
				{ "name": "surprise_3a", "file": "motions/surprise_3a.mtn" },
				{ "name": "surprise_4", "file": "motions/surprise_4.mtn" },
				{ "name": "wink_1", "file": "motions/wink_1.mtn" },
				{ "name": "yareyare_1", "file": "motions/yareyare_1.mtn" },
				{ "name": "yes_1", "file": "motions/yes_1.mtn" },
				{ "name": "yes_2", "file": "motions/yes_2.mtn" },
				{ "name": "yes_3", "file": "motions/yes_3.mtn" },
				{ "name": "effect", "file": "motions/effect.mtn" }
			]
		},
	"physics":"physics.json",
	"pose":"pose.json",
	"hitarea":"hitarea.json",
	"motionlist":
	{
		"aku_1":["aku_1"],
		"aku_1a":["aku_1a"],
		"am_1":["am_1"],
		"am_1_1":["am_1_1"],
		"am_1a":["am_1a"],
		"am_2":["am_2"],
		"am_2_1":["am_2_1"],
		"am_2_1a":["am_2_1a"],
		"am_2a":["am_2a"],
		"am_3":["am_3"],
		"am_4":["am_4"],
		"an_1":["an_1"],
		"an_2":["an_2"],
		"an_3":["an_3"],
		"an_3_1":["an_3_1"],
		"an_4":["an_4"],
		"an_5":["an_5"],
		"cr_1":["cr_1"],
		"cr_2":["cr_2"],
		"cr_2_1":["cr_2_1"],
		"cr_3":["cr_3"],
		"cr_4":["cr_4"],
		"do_1":["do_1"],
		"do_2":["do_2"],
		"do_3":["do_3"],
		"ehe_1":["ehe_1"],
		"em_1":["em_1"],
		"em_1_1":["em_1_1"],
		"em_1_1a":["em_1_1a"],
		"em_1a":["em_1a"],
		"em_2":["em_2"],
		"em_2a":["em_2a"],
		"em_3":["em_3"],
		"em_4":["em_4"],
		"ex_1":["ex_1"],
		"ex_2":["ex_2"],
		"gimo_1":["gimo_1"],
		"gu_1":["gu_1"],
		"gu_2":["gu_2"],
		"hira_1":["hira_1"],
		"idl":["idl_1", "idl_2"],
		"idl_1":["idl_1"],
		"idl_1_2":["idl_1_2"],
		"idl_2":["idl_2"],
		"idl_3":["idl_3"],
		"idl_3_1":["idl_3_1"],
		"idl_4":["idl_4"],
		"idl_l1":["idl_l1"],
		"idl_l2":["idl_l2"],
		"idl_l3":["idl_l3"],
		"idl_l4":["idl_l4"],
		"idl_r1":["idl_r1"],
		"idl_r2":["idl_r2"],
		"idl_r3":["idl_r3"],
		"idl_r4":["idl_r4"],
		"iya_2":["iya_2"],
		"jo_1":["jo_1"],
		"jo_1_1":["jo_1_1"],
		"jo_2":["jo_2"],
		"jo_2_1":["jo_2_1"],
		"jo_2_1a":["jo_2_1a"],
		"jo_2_2":["jo_2_2"],
		"jo_3":["jo_3"],
		"jo_3_1":["jo_3_1"],
		"jo_3_2":["jo_3_2"],
		"jo_3_2a":["jo_3_2a"],
		"jo_4":["jo_4"],
		"jo_5":["jo_5"],
		"jo_6":["jo_6"],
		"kata_1":["kata_1"],
		"kitty_em":["kitty_em"],
		"kitty_jo":["kitty_jo"],
		"kitty_sa":["kitty_sa"],
		"kitty_su":["kitty_su"],		
		"niya_1":["niya_1"],
		"niya_1a":["niya_1a"],
		"niya_2":["niya_2"],
		"niya_2a":["niya_2a"],
		"no_1":["no_1"],
		"no_2":["no_2"],
		"no_3":["no_3"],
		"no_4":["no_4"],
		"nor_1":["nor_1"],
		"nor_2":["nor_2"],
		"nor_2_1":["nor_2_1"],
		"nor_2_2":["nor_2_2"],
		"puka_1":["puka_1"],
		"sa_1":["sa_1"],
		"sa_2":["sa_2"],
		"sa_3":["sa_3"],
		"sa_4":["sa_4"],
		"sa_5":["sa_5"],
		"sa_5a":["sa_5a"],
		"sa_s2":["sa_s2"],
		"sl_1":["sl_1"],
		"su_1":["su_1"],
		"su_1_1":["su_1_1"],
		"su_2":["su_2"],
		"su_2_1":["su_2_1"],
		"su_2_1a":["su_2_1a"],
		"su_3":["su_3"],
		"su_3a":["su_3a"],
		"su_4":["su_4"],
		"wi_1":["wi_1"],
		"yare_1":["yare_1"],
		"ye_1":["ye_1"],
		"ye_2":["ye_2"],
		"ye_3":["ye_3"],
		"am_1_2":["am_1_2"],
		"am_2_2":["am_2_2"],
		"an_6":["an_6"],
		"an_7":["an_7"],
		"ehe_2":["ehe_2"],
    	"em_s1":["em_s1"],
    	"em_s1_1":["em_s1_1"],
    	"em_s2":["em_s2"],
    	"em_s2_1":["em_s2_1"],
    	"em_s3":["em_s3"],
    	"em_s4":["em_s4"],
    	"idl_l5":["idl_r5"],
    	"idl_l6":["idl_l6"],
    	"idl_l7":["idl_l7"],
    	"idl_r5":["idl_l5"],
    	"idl_r6":["idl_r6"],
    	"idl_r7":["idl_r7"],
    	"jo_2_3":["jo_2_3"],
    	"jo_6_1":["jo_6_1"],
    	"sa_1_1":["sa_1_1"],
    	"sl_2":["sl_2"],
		"sal_1":["sal_1"],
		"sal_2":["sal_2"],
		"sal_3":["sal_3"],
		"jo_2_4":["jo_2_4"],
		"kata_2":["kata_2"],
		"spe_1":["spe_1"],
        "effect":["effect"]
	}
}